pedido_id,pagamento_value,pagamento_forma,pagamento_parcelas,CustoFinanceiro,,,,,,,,,,,
26602,"5.776,00",Crédito,6,"R$ 0,00",,,,,,,,,,,
27056,"1.460,00",Pix,1,"R$ 0,00",,,,,,,,,,,
27056,"2.920,00",Crédito,2,"R$ 0,00",,,,,,Boleto,"1,99",,,,
27055,"8.800,00",Pix,1,"R$ 0,00",,,,,,Pix,0,,,,
26603,"590,00",Débito,1,"R$ 8,50",,,,,,Debito,"1,44%",,,,
26603,"1.200,00",Crédito,2,"R$ 0,00",,,,,,Crédito a vista,"2,37%",,,,
26605,"14.000,00",Pix,1,"R$ 0,00",,,,,,Crédito até 6x,"2,55%",,,,
27057,"9.678,00",Crédito,6,"R$ 0,00",,,,,,Crédito até 7 a 12x,"3,03%",,,,
26606,"3.885,00",Pix,1,"R$ 0,00",,,,,,,,,,,
27058,"17.890,00",Crédito,6,"R$ 0,00",,,,,,,,,,,
26607,"6.400,00",Pix,1,"R$ 0,00",,,,,,,,,,,
27054,"6.150,00",Cheque,1,"R$ 0,00",,,,,,,Visa,Mastercard,Amex,Elo,Diners
27054,"39.200,00",Cheque,7,"R$ 0,00",,,,,,Debito,"1,19%","1,19%","1,69%","1,69%",
26604,"1.100,00",Pix,1,"R$ 0,00",,,,,,Crédito a vista,"2,17%","2,17%","2,67%","2,67%","2,17%"
26604,"9.900,00",Crédito,9,"R$ 0,00",,,,,,Crédito até 6x,"2,35%","2,35%","2,85%","2,85%","2,35%"
27059,"2.062,00",Pix,1,"R$ 0,00",,,,,,Crédito até 7 a 12x,"2,79%","2,79%","3,39%","3,39%","2,79%"
27059,"4.124,00",Crédito,2,"R$ 0,00",,,,,,,,,,,
27060,"2.100,00",Crédito,1,"R$ 0,00",,,,,,,,,,,
27062,"3.200,00",Débito,1,"R$ 46,08",,,,,,,,,,,
26609,"1.600,00",Pix,1,"R$ 0,00",,,,,,,,,,,
27061,"1.420,00",Crédito,5,"R$ 0,00",,,,,,,,,,,
27063,"4.300,00",Dinheiro,1,"R$ 0,00",,,,,,,,,,,
26608,"10.000,00",Pix,1,"R$ 0,00",,,,,,,,,,,
26611,"10.200,00",Pix,1,"R$ 0,00",,,,,,,,,,,
27064,"1.750,00",Crédito,1,"R$ 0,00",,,,,,,,,,,
27066,"7.630,00",Crédito,6,"R$ 0,00",,,,,,,,,,,
27065,"1.900,00",Pix,1,"R$ 0,00",,,,,,,,,,,
26614,"11.890,00",Pix,1,"R$ 0,00",,,,,,,,,,,
26613,"5.200,00",Pix,1,"R$ 0,00",,,,,,,,,,,
26612,"35.000,00",Cheque,1,"R$ 0,00",,,,,,,,,,,
26612,"15.000,00",Dinheiro,1,"R$ 0,00",,,,,,,,,,,
27067,"6.300,00",Transferência,1,"R$ 0,00",,,,,,,,,,,
26616,"1.645,00",Pix,1,"R$ 0,00",,,,,,,,,,,
26615,"4.445,00",Pix,1,"R$ 0,00",,,,,,,,,,,
26615,"1.905,00",Pix,1,"R$ 0,00",,,,,,,,,,,
26617,"5.500,00",Crédito,5,"R$ 0,00",,,,,,,,,,,
26618,"2.000,00",Crédito,1,"R$ 0,00",,,,,,,,,,,
27068,"8.365,00",Pix,1,"R$ 0,00",,,,,,,,,,,
27068,"3.585,00",Entrega,1,"R$ 0,00",,,,,,,,,,,
26619,"6.700,00",Pix,1,"R$ 0,00",,,,,,,,,,,
26621,"2.600,00",Pix,1,"R$ 0,00",,,,,,,,,,,
26621,"5.180,00",Crédito,2,"R$ 0,00",,,,,,,,,,,
27069,"2.100,00",Crédito,6,"R$ 0,00",,,,,,,,,,,
26622,"4.200,00",Pix,1,"R$ 0,00",,,,,,,,,,,
26622,"4.200,00",Crédito,1,"R$ 0,00",,,,,,,,,,,
26623,"891,00",Débito,1,"R$ 12,83",,,,,,,,,,,
26623,"4.455,00",Crédito,5,"R$ 0,00",,,,,,,,,,,
27070,"9.900,00",Transferência,1,"R$ 0,00",,,,,,,,,,,
26624,"2.660,00",Transferência,1,"R$ 0,00",,,,,,,,,,,
26625,"1.300,00",Pix,1,"R$ 0,00",,,,,,,,,,,
26625,"6.300,00",Crédito,5,"R$ 0,00",,,,,,,,,,,
26626,"4.500,00",Pix,1,"R$ 0,00",,,,,,,,,,,
27071,"4.000,00",Pix,1,"R$ 0,00",,,,,,,,,,,
27071,"647,00",Entrega,1,"R$ 0,00",,,,,,,,,,,
26629,"3.300,00",Pix,1,"R$ 0,00",,,,,,,,,,,
27074,"3.150,00",Pix,1,"R$ 0,00",,,,,,,,,,,
27074,"3.150,00",Pix,1,"R$ 0,00",,,,,,,,,,,
27072,"6.088,00",Pix,1,"R$ 0,00",,,,,,,,,,,
26628,"2.000,00",Pix,1,"R$ 0,00",,,,,,,,,,,
26628,"3.200,00",Crédito,3,"R$ 0,00",,,,,,,,,,,
26627,"1.862,00",Crédito,3,"R$ 0,00",,,,,,,,,,,
26627,"180,00",Débito,1,"R$ 2,59",,,,,,,,,,,
27073,"1.000,00",Cheque,1,"R$ 0,00",,,,,,,,,,,
27073,"1.800,00",Cheque,1,"R$ 0,00",,,,,,,,,,,
27073,"1.800,00",Cheque,1,"R$ 0,00",,,,,,,,,,,
27073,"1.800,00",Cheque,1,"R$ 0,00",,,,,,,,,,,
27076,"2.000,00",Débito,1,"R$ 28,80",,,,,,,,,,,
27076,"1.360,00",Cheque,1,"R$ 0,00",,,,,,,,,,,
26630,"18.355,00",Entrega,1,"R$ 0,00",,,,,,,,,,,
27077,"6.200,00",Crédito,3,"R$ 0,00",,,,,,,,,,,
27079,"1.000,00",Pix,1,"R$ 0,00",,,,,,,,,,,
27079,"9.080,00",Crédito,9,"R$ 0,00",,,,,,,,,,,
26634,"11.000,00",Pix,1,"R$ 0,00",,,,,,,,,,,
26634,"3.500,00",Entrega,1,"R$ 0,00",,,,,,,,,,,
26633,"4.430,00",Crédito,2,"R$ 0,00",,,,,,,,,,,
26633,"2.215,00",Pix,1,"R$ 0,00",,,,,,,,,,,
26637,"4.400,00",Crédito,2,"R$ 0,00",,,,,,,,,,,
27081,"4.680,00",Pix,1,"R$ 0,00",,,,,,,,,,,
27082,"2.360,00",Crédito,5,"R$ 0,00",,,,,,,,,,,
27080,"15.150,00",Crédito,1,"R$ 0,00",,,,,,,,,,,
27083,"3.000,00",Pix,1,"R$ 0,00",,,,,,,,,,,
26639,"13.480,00",Pix,1,"R$ 0,00",,,,,,,,,,,
27084,"6.550,00",Pix,1,"R$ 0,00",,,,,,,,,,,
27086,"3.768,00",Pix,1,"R$ 0,00",,,,,,,,,,,
27086,"15.072,00",Crédito,4,"R$ 0,00",,,,,,,,,,,
27085,"1.000,00",Pix,1,"R$ 0,00",,,,,,,,,,,
27085,"4.000,00",Crédito,4,"R$ 0,00",,,,,,,,,,,
26640,"5.000,00",Pix,1,"R$ 0,00",,,,,,,,,,,
26643,"1.000,00",Pix,1,"R$ 0,00",,,,,,,,,,,
26643,"24.000,00",Crédito,7,"R$ 0,00",,,,,,,,,,,
27087,"1.000,00",Pix,1,"R$ 0,00",,,,,,,,,,,
27087,"1.000,00",Pix,1,"R$ 0,00",,,,,,,,,,,
27087,"1.000,00",Pix,1,"R$ 0,00",,,,,,,,,,,
26644,"6.940,00",Pix,1,"R$ 0,00",,,,,,,,,,,
27090,"5.100,00",Pix,1,"R$ 0,00",,,,,,,,,,,
26646,"7.560,00",Crédito,4,"R$ 0,00",,,,,,,,,,,
26351,"1.827,00",Pix,1,"R$ 0,00",,,,,,,,,,,
26351,"1.827,00",Crédito,1,"R$ 0,00",,,,,,,,,,,
26401,"6.100,00",Pix,1,"R$ 0,00",,,,,,,,,,,
27089,"2.700,00",Pix,1,"R$ 0,00",,,,,,,,,,,
27089,"1.180,00",Entrega,1,"R$ 0,00",,,,,,,,,,,
27091,"9.000,00",Pix,1,"R$ 0,00",,,,,,,,,,,
27091,"11.000,00",Dinheiro,1,"R$ 0,00",,,,,,,,,,,
26352,"705,00",Pix,1,"R$ 0,00",,,,,,,,,,,
26402,"2.691,00",Pix,1,"R$ 0,00",,,,,,,,,,,
26402,"3.269,00",Crédito,1,"R$ 0,00",,,,,,,,,,,
27092,"1.990,00",Entrega,1,"R$ 0,00",,,,,,,,,,,
27092,"1.990,00",Pix,1,"R$ 0,00",,,,,,,,,,,
26354,"1.696,00",Crédito,2,"R$ 0,00",,,,,,,,,,,
26354,"1.840,00",Crédito,2,"R$ 0,00",,,,,,,,,,,
26403,"5.300,00",Dinheiro,1,"R$ 0,00",,,,,,,,,,,
26403,"4.700,00",Pix,1,"R$ 0,00",,,,,,,,,,,
26403,"2.779,00",Entrega,1,"R$ 0,00",,,,,,,,,,,
26356,"9.571,00",Crédito,7,"R$ 0,00",,,,,,,,,,,
26648,"900,00",Pix,1,"R$ 0,00",,,,,,,,,,,
26404,"1.634,00",Pix,1,"R$ 0,00",,,,,,,,,,,
26649,"23.600,00",Pix,1,"R$ 0,00",,,,,,,,,,,
26407,"5.000,00",Pix,1,"R$ 0,00",,,,,,,,,,,
26407,"20.000,00",Crédito,5,"R$ 0,00",,,,,,,,,,,
26409,"12.300,00",Cheque,7,"R$ 0,00",,,,,,,,,,,
26411,"10.000,00",Pix,1,"R$ 0,00",,,,,,,,,,,
26411,"10.000,00",Pix,1,"R$ 0,00",,,,,,,,,,,
26358,"12.000,00",Pix,1,"R$ 0,00",,,,,,,,,,,
26358,"40.000,00",Pix,1,"R$ 0,00",,,,,,,,,,,
27093,"2.250,00",Pix,1,"R$ 0,00",,,,,,,,,,,
27093,"6.720,00",Crédito,3,"R$ 0,00",,,,,,,,,,,
26357,"9.000,00",Crédito,5,"R$ 0,00",,,,,,,,,,,
27095,"6.050,00",Pix,1,"R$ 0,00",,,,,,,,,,,
27097,"2.000,00",Crédito,3,"R$ 0,00",,,,,,,,,,,
27096,"10.000,00",Pix,1,"R$ 0,00",,,,,,,,,,,
27096,"28.180,00",Crédito,6,"R$ 0,00",,,,,,,,,,,
26359,"2.890,00",Entrega,3,"R$ 0,00",,,,,,,,,,,
26360,"2.000,00",Débito,1,"R$ 28,80",,,,,,,,,,,
26361,"6.300,00",Pix,1,"R$ 0,00",,,,,,,,,,,
26361,"4.200,00",Pix,1,"R$ 0,00",,,,,,,,,,,
27098,"6.100,00",Pix,1,"R$ 0,00",,,,,,,,,,,
27099,"2.964,00",Crédito,4,"R$ 0,00",,,,,,,,,,,
26645,"13.300,00",Pix,1,"R$ 0,00",,,,,,,,,,,
26645,"5.700,00",Entrega,1,"R$ 0,00",,,,,,,,,,,
26413,"11.600,00",Crédito,1,"R$ 0,00",,,,,,,,,,,
26362,"2.000,00",Pix,1,"R$ 0,00",,,,,,,,,,,
26362,"1.990,00",Entrega,1,"R$ 0,00",,,,,,,,,,,
26363,"15.500,00",Transferência,1,"R$ 0,00",,,,,,,,,,,
26364,"500,00",Débito,1,"R$ 7,20",,,,,,,,,,,
27100,"2.100,00",Pix,1,"R$ 0,00",,,,,,,,,,,
26414,"4.000,00",Crédito,4,"R$ 0,00",,,,,,,,,,,
26417,"10.000,00",Pix,1,"R$ 0,00",,,,,,,,,,,
26417,"32.285,00",Crédito,4,"R$ 0,00",,,,,,,,,,,
26418,"19.200,00",Pix,1,"R$ 0,00",,,,,,,,,,,
26370,"3.000,00",Pix,1,"R$ 0,00",,,,,,,,,,,
26370,"3.560,00",Crédito,1,"R$ 0,00",,,,,,,,,,,
26368,"3.600,00",Pix,1,"R$ 0,00",,,,,,,,,,,
26367,"1.900,00",Pix,1,"R$ 0,00",,,,,,,,,,,
26367,"1.900,00",Crédito,1,"R$ 0,00",,,,,,,,,,,
26365,"6.495,00",Crédito,4,"R$ 0,00",,,,,,,,,,,
26366,"800,00",Pix,1,"R$ 0,00",,,,,,,,,,,
26415,"8.000,00",Pix,1,"R$ 0,00",,,,,,,,,,,
26415,"4.840,00",Entrega,1,"R$ 0,00",,,,,,,,,,,
26416,"2.296,00",Pix,1,"R$ 0,00",,,,,,,,,,,
26416,"11.484,00",Crédito,5,"R$ 0,00",,,,,,,,,,,
26410,"30.000,00",Pix,1,"R$ 0,00",,,,,,,,,,,
26410,"15.177,00",Entrega,1,"R$ 0,00",,,,,,,,,,,
26419,"1.200,00",Pix,1,"R$ 0,00",,,,,,,,,,,
26419,"2.600,00",Crédito,2,"R$ 0,00",,,,,,,,,,,
26371,"1.500,00",Débito,1,"R$ 21,60",,,,,,,,,,,
26371,"4.670,00",Crédito,3,"R$ 0,00",,,,,,,,,,,
26420,"7.260,00",Crédito,1,"R$ 0,00",,,,,,,,,,,
26375,"2.200,00",Pix,1,"R$ 0,00",,,,,,,,,,,
26374,"5.960,00",Pix,1,"R$ 0,00",,,,,,,,,,,
26373,"9.100,00",Pix,1,"R$ 0,00",,,,,,,,,,,
26372,"13.500,00",Crédito,4,"R$ 0,00",,,,,,,,,,,
26372,"1.500,00",Pix,1,"R$ 0,00",,,,,,,,,,,
26376,"1.900,00",Pix,1,"R$ 0,00",,,,,,,,,,,
26423,"10.000,00",Cheque,8,"R$ 0,00",,,,,,,,,,,
26421,"5.900,00",Pix,1,"R$ 0,00",,,,,,,,,,,
26422,"7.800,00",Pix,1,"R$ 0,00",,,,,,,,,,,
26381,"5.000,00",Pix,1,"R$ 0,00",,,,,,,,,,,
26381,"2.200,00",Entrega,1,"R$ 0,00",,,,,,,,,,,
26382,"3.700,00",Pix,1,"R$ 0,00",,,,,,,,,,,
26380,"4.065,00",Crédito,5,"R$ 0,00",,,,,,,,,,,
26378,"1.000,00",Débito,1,"R$ 14,40",,,,,,,,,,,
26377,"1.450,00",Pix,1,"R$ 0,00",,,,,,,,,,,
28212,"10.450,00",Pix,1,"R$ 0,00",,,,,,,,,,,
28212,"10.450,00",Cheque,1,"R$ 0,00",,,,,,,,,,,
28164,"6.200,00",Pix,1,"R$ 0,00",,,,,,,,,,,
28211,"2.100,00",Pix,1,"R$ 0,00",,,,,,,,,,,
28206,"6.900,00",Crédito,4,"R$ 0,00",,,,,,,,,,,
26435,"3.380,00",Crédito,2,"R$ 0,00",,,,,,,,,,,
28210,"2.790,00",Pix,1,"R$ 0,00",,,,,,,,,,,
28210,"2.790,00",Crédito,1,"R$ 0,00",,,,,,,,,,,
28163,"5.000,00",Pix,1,"R$ 0,00",,,,,,,,,,,
28162,"2.800,00",Crédito,2,"R$ 0,00",,,,,,,,,,,
28165,"5.000,00",Dinheiro,1,"R$ 0,00",,,,,,,,,,,
28209,"9.900,00",Crédito,1,"R$ 0,00",,,,,,,,,,,
26389,"4.500,00",Crédito,7,"R$ 0,00",,,,,,,,,,,
28159,"16.980,00",Crédito,7,"R$ 0,00",,,,,,,,,,,
28160,"5.700,00",Pix,1,"R$ 0,00",,,,,,,,,,,
28161,"3.190,00",Crédito,1,"R$ 0,00",,,,,,,,,,,
26388,"10.000,00",Pix,1,"R$ 0,00",,,,,,,,,,,
26388,"23.000,00",Crédito,4,"R$ 0,00",,,,,,,,,,,
28169,"22.000,00",Pix,1,"R$ 0,00",,,,,,,,,,,
28222,"17.923,00",Crédito,10,"R$ 0,00",,,,,,,,,,,
28222,"3.000,00",Pix,1,"R$ 0,00",,,,,,,,,,,
28222,"10.350,00",Crédito,7,"R$ 0,00",,,,,,,,,,,
26399,"13.600,00",Pix,1,"R$ 0,00",,,,,,,,,,,
28170,"1.200,00",Pix,1,"R$ 0,00",,,,,,,,,,,
28170,"1.200,00",Crédito,1,"R$ 0,00",,,,,,,,,,,
28220,"4.860,00",Crédito,6,"R$ 0,00",,,,,,,,,,,
28221,"4.000,00",Dinheiro,1,"R$ 0,00",,,,,,,,,,,
28221,"2.600,00",Crédito,3,"R$ 0,00",,,,,,,,,,,
28168,"3.092,00",Crédito,2,"R$ 0,00",,,,,,,,,,,
28168,"1.500,00",Pix,1,"R$ 0,00",,,,,,,,,,,
26394,"1.480,00",Pix,1,"R$ 0,00",,,,,,,,,,,
26394,"2.960,00",Crédito,2,"R$ 0,00",,,,,,,,,,,
28215,"4.600,00",Pix,1,"R$ 0,00",,,,,,,,,,,
28167,"4.000,00",Pix,1,"R$ 0,00",,,,,,,,,,,
28214,"870,00",Crédito de pedido,1,"R$ 0,00",,,,,,,,,,,
28214,"230,00",Crédito,1,"R$ 0,00",,,,,,,,,,,
28213,"4.000,00",Pix,1,"R$ 0,00",,,,,,,,,,,
28213,"3.200,00",Entrega,1,"R$ 0,00",,,,,,,,,,,
28166,"2.690,00",Crédito,2,"R$ 0,00",,,,,,,,,,,
28155,"2.100,00",Pix,1,"R$ 0,00",,,,,,,,,,,
28219,"8.964,00",Crédito,6,"R$ 0,00",,,,,,,,,,,
26397,"1.859,00",Pix,1,"R$ 0,00",,,,,,,,,,,
28217,"1.000,00",Dinheiro,1,"R$ 0,00",,,,,,,,,,,
28217,"5.600,00",Crédito,3,"R$ 0,00",,,,,,,,,,,
26393,"12.200,00",Pix,1,"R$ 0,00",,,,,,,,,,,
28158,"1.426,00",Pix,1,"R$ 0,00",,,,,,,,,,,
28158,"1.426,00",Entrega,1,"R$ 0,00",,,,,,,,,,,
26386,"6.500,00",Crédito,6,"R$ 0,00",,,,,,,,,,,
26438,"2.000,00",Pix,1,"R$ 0,00",,,,,,,,,,,
26438,"9.508,00",Crédito,7,"R$ 0,00",,,,,,,,,,,
28207,"10.000,00",Cheque,10,"R$ 0,00",,,,,,,,,,,
28207,"400,00",Dinheiro,1,"R$ 0,00",,,,,,,,,,,
26434,"21.680,00",Crédito,1,"R$ 0,00",,,,,,,,,,,
26387,"5.960,00",Crédito,1,"R$ 0,00",,,,,,,,,,,
26433,"12.000,00",Crédito,10,"R$ 0,00",,,,,,,,,,,
26433,"5.000,00",Pix,1,"R$ 0,00",,,,,,,,,,,
26432,"5.600,00",Crédito,1,"R$ 0,00",,,,,,,,,,,
28204,"1.560,00",Crédito,2,"R$ 0,00",,,,,,,,,,,
28205,"3.566,00",Pix,1,"R$ 0,00",,,,,,,,,,,
28157,"3.000,00",Pix,1,"R$ 0,00",,,,,,,,,,,
28157,"3.300,00",Entrega,1,"R$ 0,00",,,,,,,,,,,
26424,"5.000,00",Crédito,5,"R$ 0,00",,,,,,,,,,,
26428,"2.500,00",Dinheiro,1,"R$ 0,00",,,,,,,,,,,
26427,"4.000,00",Dinheiro,1,"R$ 0,00",,,,,,,,,,,
26429,"5.346,00",Pix,1,"R$ 0,00",,,,,,,,,,,
26385,"5.000,00",Pix,1,"R$ 0,00",,,,,,,,,,,
28156,"230,00",Pix,1,"R$ 0,00",,,,,,,,,,,
28153,"2.180,00",Crédito,1,"R$ 0,00",,,,,,,,,,,
28153,"2.000,00",Débito,1,"R$ 28,80",,,,,,,,,,,
28152,"1.590,00",Pix,1,"R$ 0,00",,,,,,,,,,,
28152,"6.999,00",Crédito,6,"R$ 0,00",,,,,,,,,,,
28203,"3.100,00",Dinheiro,1,"R$ 0,00",,,,,,,,,,,
28202,"3.700,00",Pix,1,"R$ 0,00",,,,,,,,,,,
26431,"7.900,00",Pix,1,"R$ 0,00",,,,,,,,,,,
26384,"5.000,00",Pix,1,"R$ 0,00",,,,,,,,,,,
26384,"9.000,00",Crédito,3,"R$ 0,00",,,,,,,,,,,
26430,"800,00",Pix,1,"R$ 0,00",,,,,,,,,,,
26430,"2.510,00",Crédito,3,"R$ 0,00",,,,,,,,,,,
28151,"8.700,00",Pix,1,"R$ 0,00",,,,,,,,,,,
28171,"2.200,00",Pix,1,"R$ 0,00",,,,,,,,,,,
28173,"3.717,00",Pix,1,"R$ 0,00",,,,,,,,,,,
28173,"3.717,00",Crédito,1,"R$ 0,00",,,,,,,,,,,
26398,"2.200,00",Pix,1,"R$ 0,00",,,,,,,,,,,
26398,"4.400,00",Crédito,2,"R$ 0,00",,,,,,,,,,,
26439,"22.000,00",Pix,1,"R$ 0,00",,,,,,,,,,,
28216,"2.200,00",Cheque,1,"R$ 0,00",,,,,,,,,,,
26442,"10.000,00",Pix,1,"R$ 0,00",,,,,,,,,,,
26442,"15.000,00",Cheque,1,"R$ 0,00",,,,,,,,,,,
26442,"21.000,00",Crédito,1,"R$ 0,00",,,,,,,,,,,
26396,"20.000,00",Dinheiro,1,"R$ 0,00",,,,,,,,,,,
26396,"10.000,00",Entrega,1,"R$ 0,00",,,,,,,,,,,
26436,"40.672,00",Cheque,1,"R$ 0,00",,,,,,,,,,,
26436,"154.328,00",Boleto,6,"R$ 11,94",,,,,,,,,,,
28224,"5.000,00",Dinheiro,1,"R$ 0,00",,,,,,,,,,,
28224,"2.460,00",Entrega,1,"R$ 0,00",,,,,,,,,,,
26445,"2.000,00",Pix,1,"R$ 0,00",,,,,,,,,,,
26445,"6.000,00",Crédito,3,"R$ 0,00",,,,,,,,,,,
26444,"14.000,00",Pix,1,"R$ 0,00",,,,,,,,,,,
28177,"4.000,00",Pix,1,"R$ 0,00",,,,,,,,,,,
28177,"23.740,00",Crédito,6,"R$ 0,00",,,,,,,,,,,
26446,"14.370,00",Crédito,1,"R$ 0,00",,,,,,,,,,,
28225,"400,00",Pix,1,"R$ 0,00",,,,,,,,,,,
28225,"3.600,00",Pix,1,"R$ 0,00",,,,,,,,,,,
28225,"4.890,00",Crédito,2,"R$ 0,00",,,,,,,,,,,
28174,"5.000,00",Dinheiro,1,"R$ 0,00",,,,,,,,,,,
26400,"800,00",Débito,1,"R$ 11,52",,,,,,,,,,,
26400,"800,00",Entrega,1,"R$ 0,00",,,,,,,,,,,
26441,"9.000,00",Pix,1,"R$ 0,00",,,,,,,,,,,
26441,"10.000,00",Crédito,1,"R$ 0,00",,,,,,,,,,,
28223,"10.000,00",Dinheiro,1,"R$ 0,00",,,,,,,,,,,
26447,"20.000,00",Pix,1,"R$ 0,00",,,,,,,,,,,
26447,"24.000,00",Crédito,2,"R$ 0,00",,,,,,,,,,,
28226,"6.500,00",Pix,1,"R$ 0,00",,,,,,,,,,,
28227,"12.000,00",Pix,1,"R$ 0,00",,,,,,,,,,,
28227,"5.480,00",Entrega,1,"R$ 0,00",,,,,,,,,,,
28178,"2.400,00",Pix,1,"R$ 0,00",,,,,,,,,,,
28178,"7.190,00",Crédito,3,"R$ 0,00",,,,,,,,,,,
28179,"1.700,00",Pix,1,"R$ 0,00",,,,,,,,,,,
26448,"5.100,00",Pix,1,"R$ 0,00",,,,,,,,,,,
28180,"14.260,00",Crédito,4,"R$ 0,00",,,,,,,,,,,
28180,"3.500,00",Pix,1,"R$ 0,00",,,,,,,,,,,
28187,"4.300,00",A Receber,1,"R$ 0,00",,,,,,,,,,,
28186,"3.500,00",Pix,1,"R$ 0,00",,,,,,,,,,,
28186,"10.000,00",A Receber,1,"R$ 0,00",,,,,,,,,,,
26449,"4.000,00",Crédito de pedido,1,"R$ 0,00",,,,,,,,,,,
26449,"800,00",Dinheiro,1,"R$ 0,00",,,,,,,,,,,
28184,"21.000,00",Crédito,1,"R$ 0,00",,,,,,,,,,,
28185,"7.500,00",Pix,1,"R$ 0,00",,,,,,,,,,,
28232,"20.000,00",Pix,1,"R$ 0,00",,,,,,,,,,,
28183,"8.000,00",Dinheiro,1,"R$ 0,00",,,,,,,,,,,
27751,"1.722,00",Crédito,1,"R$ 0,00",,,,,,,,,,,
27751,"1.723,00",Débito,1,"R$ 24,81",,,,,,,,,,,
28181,"53.000,00",Dinheiro,1,"R$ 0,00",,,,,,,,,,,
28231,"3.999,00",Crédito,7,"R$ 0,00",,,,,,,,,,,
28182,"600,00",Pix,1,"R$ 0,00",,,,,,,,,,,
28182,"1.200,00",Crédito,2,"R$ 0,00",,,,,,,,,,,
28229,"50.000,00",Pix,1,"R$ 0,00",,,,,,,,,,,
28229,"50.000,00",Boleto,2,"R$ 3,98",,,,,,,,,,,
28188,"900,00",Pix,1,"R$ 0,00",,,,,,,,,,,
28189,"1.150,00",Débito,1,"R$ 16,56",,,,,,,,,,,
28189,"1.150,00",Crédito,1,"R$ 0,00",,,,,,,,,,,
28233,"500,00",Pix,1,"R$ 0,00",,,,,,,,,,,
28190,"18.000,00",Dinheiro,1,"R$ 0,00",,,,,,,,,,,
28234,"1.752,00",Pix,1,"R$ 0,00",,,,,,,,,,,
28234,"9.000,00",Cheque,7,"R$ 0,00",,,,,,,,,,,
28193,"12.900,00",Pix,1,"R$ 0,00",,,,,,,,,,,
28193,"5.540,00",Entrega,1,"R$ 0,00",,,,,,,,,,,
28241,"3.000,00",Pix,1,"R$ 0,00",,,,,,,,,,,
28241,"25.600,00",Boleto,9,"R$ 17,91",,,,,,,,,,,
28003,"4.000,00",Pix,1,"R$ 0,00",,,,,,,,,,,
27759,"2.537,00",Credito,1,"R$ 60,13",,,,,,,,,,,
27759,"5.000,00",Entrega,1,"R$ 0,00",,,,,,,,,,,
28002,"4.800,00",Pix,1,"R$ 0,00",,,,,,,,,,,
27758,"1.800,00",Pix,1,"R$ 0,00",,,,,,,,,,,
27757,"9.771,00",Credito,1,"R$ 231,57",,,,,,,,,,,
27757,"9.770,00",Pix,1,"R$ 0,00",,,,,,,,,,,
28239,"390,60",Pix,1,"R$ 0,00",,,,,,,,,,,
28001,"1.000,00",Pix,1,"R$ 0,00",,,,,,,,,,,
28001,"5.200,00",Credito,5,"R$ 132,60",,,,,,,,,,,
28200,"2.580,00",Pix,1,"R$ 0,00",,,,,,,,,,,
28199,"6.750,00",A Receber,6,"R$ 0,00",,,,,,,,,,,
28240,"7.200,00",Dinheiro,1,"R$ 0,00",,,,,,,,,,,
28198,"7.250,00",Credito,7,"R$ 219,68",,,,,,,,,,,
27752,"8.700,00",Pix,1,"R$ 0,00",,,,,,,,,,,
27752,"5.300,00",Pix,1,"R$ 0,00",,,,,,,,,,,
27752,"21.770,00",Credito,4,"R$ 555,14",,,,,,,,,,,
28197,"3.800,00",Credito,1,"R$ 90,06",,,,,,,,,,,
27756,"11.770,00",Transferência,1,"R$ 0,00",,,,,,,,,,,
28196,"6.750,00",Pix,1,"R$ 0,00",,,,,,,,,,,
28195,"9.000,00",Pix,1,"R$ 0,00",,,,,,,,,,,
28195,"4.600,00",Cheque,1,"R$ 0,00",,,,,,,,,,,
28195,"4.600,00",Cheque,1,"R$ 0,00",,,,,,,,,,,
28195,"4.600,00",Cheque,1,"R$ 0,00",,,,,,,,,,,
28195,"4.600,00",Cheque,1,"R$ 0,00",,,,,,,,,,,
28195,"4.600,00",Cheque,1,"R$ 0,00",,,,,,,,,,,
28238,"10.960,00",Credito,4,"R$ 279,48",,,,,,,,,,,
27755,"17.000,00",Pix,1,"R$ 0,00",,,,,,,,,,,
28237,"4.872,50",Credito,2,"R$ 124,25",,,,,,,,,,,
28194,"1.000,00",Pix,1,"R$ 0,00",,,,,,,,,,,
28194,"7.112,00",Credito,3,"R$ 181,36",,,,,,,,,,,
27754,"5.800,00",Credito,2,"R$ 147,90",,,,,,,,,,,
28236,"4.600,00",Pix,1,"R$ 0,00",,,,,,,,,,,
28192,"2.750,00",Pix,1,"R$ 0,00",,,,,,,,,,,
28192,"8.250,00",A Receber,3,"R$ 0,00",,,,,,,,,,,
27753,"3.655,25",Pix,1,"R$ 0,00",,,,,,,,,,,
27753,"10.965,75",Credito,3,"R$ 279,63",,,,,,,,,,,
28191,"8.200,00",Dinheiro,1,"R$ 0,00",,,,,,,,,,,
27760,"4.200,00",Credito,1,"R$ 99,54",,,,,,,,,,,
28244,5900,Pix,1,"R$ 0,00",,,,,,,,,,,
28244,5900,Pix,1,"R$ 0,00",,,,,,,,,,,
28009,35000,Pix,1,"R$ 0,00",,,,,,,,,,,
28009,14990,Boleto,1,"R$ 1,99",,,,,,,,,,,
28011,2240,Pix,1,"R$ 0,00",,,,,,,,,,,
28011,2240,A Receber,1,"R$ 0,00",,,,,,,,,,,
27767,7300,Débito,1,"R$ 105,12",,,,,,,,,,,
28010,5900,Pix,1,"R$ 0,00",,,,,,,,,,,
27766,3000,Pix,1,"R$ 0,00",,,,,,,,,,,
28015,840,Pix,1,"R$ 0,00",,,,,,,,,,,
28015,4200,Credito,5,"R$ 107,10",,,,,,,,,,,
27772,6000,Pix,1,"R$ 0,00",,,,,,,,,,,
27772,10000,Credito,2,"R$ 255,00",,,,,,,,,,,
28014,500,Pix,1,"R$ 0,00",,,,,,,,,,,
27771,1400,Pix,1,"R$ 0,00",,,,,,,,,,,
27771,1300,Pix,1,"R$ 0,00",,,,,,,,,,,
27771,2900,Credito,2,"R$ 73,95",,,,,,,,,,,
28020,7500,Credito,1,"R$ 177,75",,,,,,,,,,,
27769,4839,Pix,1,"R$ 0,00",,,,,,,,,,,
27768,6350,Pix,1,"R$ 0,00",,,,,,,,,,,
27773,3200,Credito,6,"R$ 81,60",,,,,,,,,,,
27765,11000,Dinheiro,1,"R$ 0,00",,,,,,,,,,,
28249,7190,Credito,1,"R$ 170,40",,,,,,,,,,,
28005,5400,Pix,1,"R$ 0,00",,,,,,,,,,,
28005,3000,Credito,2,"R$ 76,50",,,,,,,,,,,
28006,1000,Pix,1,"R$ 0,00",,,,,,,,,,,
27764,2700,Pix,1,"R$ 0,00",,,,,,,,,,,
28247,24000,Transferência,1,"R$ 0,00",,,,,,,,,,,
28247,6000,Entrega,1,"R$ 0,00",,,,,,,,,,,
27761,6300,Pix,1,"R$ 0,00",,,,,,,,,,,
27761,2700,Entrega,1,"R$ 0,00",,,,,,,,,,,
28018,18300,Pix,1,"R$ 0,00",,,,,,,,,,,
28245,12715,A Receber,1,"R$ 0,00",,,,,,,,,,,
28046,2706,Pix,1,"R$ 0,00",,,,,,,,,,,
28046,13530,Boleto,5,"R$ 9,95",,,,,,,,,,,
28060,11000,Pix,01,"R$ 0,00",,,,,,,,,,,
28052,2500,Pix,1,"R$ 0,00",,,,,,,,,,,
28052,2500,Credito,1,"R$ 59,25",,,,,,,,,,,
28047,3350,Pix,1,"R$ 0,00",,,,,,,,,,,
28054,3600,Pix,1,"R$ 0,00",,,,,,,,,,,
28054,3000,Credito,6,"R$ 76,50",,,,,,,,,,,
28004,1000,Pix,1,"R$ 0,00",,,,,,,,,,,
28004,2800,Cheque,1,"R$ 0,00",,,,,,,,,,,
28004,2800,Cheque,1,"R$ 0,00",,,,,,,,,,,
28004,2800,Cheque,1,"R$ 0,00",,,,,,,,,,,
28055,5000,Pix,1,"R$ 0,00",,,,,,,,,,,
28055,1000,Pix,1,"R$ 0,00",,,,,,,,,,,
28049,4850,Pix,1,"R$ 0,00",,,,,,,,,,,
28048,8000,Pix,1,"R$ 0,00",,,,,,,,,,,
28056,3000,Dinheiro,1,"R$ 0,00",,,,,,,,,,,
28056,8000,Pix,1,"R$ 0,00",,,,,,,,,,,
27784,3000,Pix,1,"R$ 0,00",,,,,,,,,,,
27784,8500,A Receber,1,"R$ 0,00",,,,,,,,,,,
28045,4100,Pix,1,"R$ 0,00",,,,,,,,,,,
28024,6390,Débito,1,"R$ 92,02",,,,,,,,,,,
27777,5800,Credito,4,"R$ 147,90",,,,,,,,,,,
28023,10000,Credito,6,"R$ 255,00",,,,,,,,,,,
28021,3500,Pix,1,"R$ 0,00",,,,,,,,,,,
27778,13000,Pix,1,"R$ 0,00",,,,,,,,,,,
28025,4200,Credito,1,"R$ 99,54",,,,,,,,,,,
28030,10700,Dinheiro,1,"R$ 0,00",,,,,,,,,,,
28030,300,Pix,1,"R$ 0,00",,,,,,,,,,,
28030,10700,Boleto,3,"R$ 5,97",,,,,,,,,,,
28028,6600,Credito,4,"R$ 168,30",,,,,,,,,,,
28033,5200,Credito,3,"R$ 132,60",,,,,,,,,,,
28027,300,Débito,1,"R$ 4,32",,,,,,,,,,,
28026,2900,Credito,2,"R$ 73,95",,,,,,,,,,,
27779,3000,Pix,1,"R$ 0,00",,,,,,,,,,,
27779,1385,Cheque,1,"R$ 0,00",,,,,,,,,,,
27779,5000,Cheque,1,"R$ 0,00",,,,,,,,,,,
27779,5000,Cheque,1,"R$ 0,00",,,,,,,,,,,
28034,7000,Pix,1,"R$ 0,00",,,,,,,,,,,
27782,7840,Pix,1,"R$ 0,00",,,,,,,,,,,
27782,3360,Entrega,1,"R$ 0,00",,,,,,,,,,,
27781,1300,Pix,1,"R$ 0,00",,,,,,,,,,,
28035,4300,Pix,1,"R$ 0,00",,,,,,,,,,,
28041,998,Pix,1,"R$ 0,00",,,,,,,,,,,
28039,4300,Pix,1,"R$ 0,00",,,,,,,,,,,
28039,5000,Entrega,1,"R$ 0,00",,,,,,,,,,,
28038,2000,Pix,1,"R$ 0,00",,,,,,,,,,,
28038,4000,Credito,2,"R$ 102,00",,,,,,,,,,,
28037,10000,Pix,1,"R$ 0,00",,,,,,,,,,,
28037,10000,Credito,1,"R$ 237,00",,,,,,,,,,,
28042,1000,Pix,1,"R$ 0,00",,,,,,,,,,,
28042,7000,Credito,7,"R$ 212,10",,,,,,,,,,,
28051,11000,Pix,1,"R$ 0,00",,,,,,,,,,,
28040,5800,Pix,1,"R$ 0,00",,,,,,,,,,,
27780,20000,Pix,1,"R$ 0,00",,,,,,,,,,,
27780,20000,Pix,1,"R$ 0,00",,,,,,,,,,,
27780,20000,Pix,1,"R$ 0,00",,,,,,,,,,,
27803,1580,Credito,01,"R$ 37,45",,,,,,,,,,,
27786,9310,A Receber,08,"R$ 0,00",,,,,,,,,,,
28022,5000,Cheque,1,"R$ 0,00",,,,,,,,,,,
28022,5000,Cheque,1,"R$ 0,00",,,,,,,,,,,
28022,5000,Cheque,1,"R$ 0,00",,,,,,,,,,,
28022,5000,Cheque,1,"R$ 0,00",,,,,,,,,,,
28022,5000,Cheque,1,"R$ 0,00",,,,,,,,,,,
28044,18000,Cheque,1,"R$ 0,00",,,,,,,,,,,
28019,39650,Cheque,1,"R$ 0,00",,,,,,,,,,,
28019,14350,Entrega,1,"R$ 0,00",,,,,,,,,,,
27787,6860.00,Pix,1,"R$ 0,00",,,,,,,,,,,
27787,2940,Credito,01,"R$ 69,68",,,,,,,,,,,
27789,2300,Pix,1,"R$ 0,00",,,,,,,,,,,
27789,9200,Credito,04,"R$ 234,60",,,,,,,,,,,
27790,4000,Pix,01,"R$ 0,00",,,,,,,,,,,
27788,8220,Pix,01,"R$ 0,00",,,,,,,,,,,
27788,16200,Credito,02,"R$ 413,10",,,,,,,,,,,
27792,5000,Pix,01,"R$ 0,00",,,,,,,,,,,
27792,5000,Entrega,01,"R$ 0,00",,,,,,,,,,,
27793,8235,Pix,01,"R$ 0,00",,,,,,,,,,,
27791 ,11800,Pix,01,"R$ 0,00",,,,,,,,,,,
27791 ,8500,Credito,02,"R$ 216,75",,,,,,,,,,,
27794,5000,Pix,01,"R$ 0,00",,,,,,,,,,,
27794,4500,Credito,02,"R$ 114,75",,,,,,,,,,,
28063,18900,Boleto,01,"R$ 1,99",,,,,,,,,,,
27795,6700,Pix,01,"R$ 0,00",,,,,,,,,,,
27797,3200,Credito,01,"R$ 75,84",,,,,,,,,,,
27798,5300,Débito,01,"R$ 76,32",,,,,,,,,,,
28102,6000,Débito,01,"R$ 86,40",,,,,,,,,,,
28101,10000,Pix,01,"R$ 0,00",,,,,,,,,,,
28101,47979,Credito,05,"R$ 1.223,46",,,,,,,,,,,
28013,2400,A Receber,1,"R$ 0,00",,,,,,,,,,,
28013,2000,Entrega,1,"R$ 0,00",,,,,,,,,,,
27799,2800,Pix,1,"R$ 0,00",,,,,,,,,,,
27799,1590,Pix,1,"R$ 0,00",,,,,,,,,,,
28017,3400,Pix,1,"R$ 0,00",,,,,,,,,,,
28016,1500,Pix,1,"R$ 0,00",,,,,,,,,,,
28016,4645,Credito,3,"R$ 118,45",,,,,,,,,,,
28104,2320,Credito,1,"R$ 54,98",,,,,,,,,,,
28103,5100,Pix,1,"R$ 0,00",,,,,,,,,,,
28106,10000,Pix,1,"R$ 0,00",,,,,,,,,,,
28106,19300,Credito,5,"R$ 492,15",,,,,,,,,,,
28107,6000,Pix,1,"R$ 0,00",,,,,,,,,,,
28107,6600,Credito,06,"R$ 168,30",,,,,,,,,,,
28109,2634,Pix,01,"R$ 0,00",,,,,,,,,,,
28109,13166,Credito,05,"R$ 335,73",,,,,,,,,,,
28108,5000,Pix,1,"R$ 0,00",,,,,,,,,,,
28108,5000,Credito,03,"R$ 127,50",,,,,,,,,,,
28064,15000,Boleto,1,"R$ 1,99",,,,,,,,,,,
28064,85000,Boleto,10,"R$ 19,90",,,,,,,,,,,
28111,9000,Pix,1,"R$ 0,00",,,,,,,,,,,
28110,966,Pix,1,"R$ 0,00",,,,,,,,,,,
28110,4834,Credito,5,"R$ 123,27",,,,,,,,,,,
28065,1072,Credito,06,"R$ 27,34",,,,,,,,,,,
28066,5000,Credito,05,"R$ 127,50",,,,,,,,,,,
28112,10170,Pix,1,"R$ 0,00",,,,,,,,,,,
28113,4200,Credito,04,"R$ 107,10",,,,,,,,,,,
27774,575,Dinheiro,1,"R$ 0,00",,,,,,,,,,,
27774,575,Entrega,1,"R$ 0,00",,,,,,,,,,,
27796,4700,Credito,1,"R$ 111,39",,,,,,,,,,,
28073,6470,Pix,1,"R$ 0,00",,,,,,,,,,,
28121,7420,Pix,1,"R$ 0,00",,,,,,,,,,,
28074,8600,Dinheiro,1,"R$ 0,00",,,,,,,,,,,
28122,6000,Credito,06,"R$ 153,00",,,,,,,,,,,
28071,1050,Pix,1,"R$ 0,00",,,,,,,,,,,
28119,1300,Pix,1,"R$ 0,00",,,,,,,,,,,
28070,2237,A Receber,,"R$ 0,00",,,,,,,,,,,
28120,4800,Pix,1,"R$ 0,00",,,,,,,,,,,
28072,1200,Pix,1,"R$ 0,00",,,,,,,,,,,
28114,40000,Transferência,1,"R$ 0,00",,,,,,,,,,,
28068,15350,Pix,1,"R$ 0,00",,,,,,,,,,,
28067,30000.00,Transferência,1,"R$ 0,00",,,,,,,,,,,
28067,15000.00,Entrega,1,"R$ 0,00",,,,,,,,,,,
28115,4000,Pix,1,"R$ 0,00",,,,,,,,,,,
28116,2600,Credito,1,"R$ 61,62",,,,,,,,,,,
28117,1000,Credito,4,"R$ 25,50",,,,,,,,,,,
28069,5000,Dinheiro,1,"R$ 0,00",,,,,,,,,,,
28069,3000,Pix,1,"R$ 0,00",,,,,,,,,,,
28118,2000,Pix,1,"R$ 0,00",,,,,,,,,,,
28124,4900,Pix,1,"R$ 0,00",,,,,,,,,,,
28123,5000,Dinheiro,1,"R$ 0,00",,,,,,,,,,,
28127,31980,Transferência,1,"R$ 0,00",,,,,,,,,,,
28127,21320,Entrega,1,"R$ 0,00",,,,,,,,,,,
28126,950,Pix,1,"R$ 0,00",,,,,,,,,,,
28126,950,Credito,1,"R$ 22,52",,,,,,,,,,,
28129,14000,Pix,1,"R$ 0,00",,,,,,,,,,,
28128,1316,Débito,1,"R$ 18,95",,,,,,,,,,,
28128,2632,Credito,2,"R$ 67,12",,,,,,,,,,,
28059,4900,Pix,1,"R$ 0,00",,,,,,,,,,,
28059,2100,Entrega,1,"R$ 0,00",,,,,,,,,,,
27785,22500,Credito,1,"R$ 533,25",,,,,,,,,,,
28131,400,Dinheiro,01,"R$ 0,00",,,,,,,,,,,
28131,4980,Credito,6,"R$ 126,99",,,,,,,,,,,
28130,6000,Dinheiro,01,"R$ 0,00",,,,,,,,,,,
28132,18000,Pix,01,"R$ 0,00",,,,,,,,,,,
28075,800,Pix,1,"R$ 0,00",,,,,,,,,,,
28075,730,Credito,01,"R$ 17,30",,,,,,,,,,,
28133,19000,Credito,10,"R$ 575,70",,,,,,,,,,,
28076,5000,Dinheiro,01,"R$ 0,00",,,,,,,,,,,
28076,3500,Pix,1,"R$ 0,00",,,,,,,,,,,
28134,4100,Pix,01,"R$ 0,00",,,,,,,,,,,
28134,4000,Credito,01,"R$ 94,80",,,,,,,,,,,
28078,4230,Pix,01,"R$ 0,00",,,,,,,,,,,
28078,4000,Entrega,01,"R$ 0,00",,,,,,,,,,,
28077,5408,Pix,01,"R$ 0,00",,,,,,,,,,,
28081,500,Pix,01,"R$ 0,00",,,,,,,,,,,
28081,13000,Credito,04,"R$ 331,50",,,,,,,,,,,
28084,5000,Pix,01,"R$ 0,00",,,,,,,,,,,
28084,6120,Credito,04,"R$ 156,06",,,,,,,,,,,
28083,680,Pix,01,"R$ 0,00",,,,,,,,,,,
28083,2720,Credito,04,"R$ 69,36",,,,,,,,,,,
28082,6600,Credito,06,"R$ 168,30",,,,,,,,,,,
28135,9200,Pix,01,"R$ 0,00",,,,,,,,,,,
28137,3700,Pix,01,"R$ 0,00",,,,,,,,,,,
28087,2000,Pix,01,"R$ 0,00",,,,,,,,,,,
28136,2000,Pix,01,"R$ 0,00",,,,,,,,,,,
28138,2100,Dinheiro,01,"R$ 0,00",,,,,,,,,,,
28079,4550,Pix,01,"R$ 0,00",,,,,,,,,,,
28086,3980,Pix,01,"R$ 0,00",,,,,,,,,,,
28140,400,Pix,01,"R$ 0,00",,,,,,,,,,,
28140,1936,Credito,04,"R$ 49,37",,,,,,,,,,,
28089,1260,Pix,01,"R$ 0,00",,,,,,,,,,,
28141,2500,Pix,01,"R$ 0,00",,,,,,,,,,,
28092,8770,Pix,01,"R$ 0,00",,,,,,,,,,,
28093,6000,Pix,01,"R$ 0,00",,,,,,,,,,,
28144,2800,Pix,01,"R$ 0,00",,,,,,,,,,,
28091,3500,Pix,01,"R$ 0,00",,,,,,,,,,,
28091,3499,Credito,01,"R$ 82,93",,,,,,,,,,,
28094,2600,Pix,01,"R$ 0,00",,,,,,,,,,,
28094,7800,Credito,03,"R$ 198,90",,,,,,,,,,,
28090,9300,Credito,01,"R$ 220,41",,,,,,,,,,,
28139,1940,Pix,01,"R$ 0,00",,,,,,,,,,,
27101,6975,Pix,01,"R$ 0,00",,,,,,,,,,,
27101,6975,Entrega,01,"R$ 0,00",,,,,,,,,,,
28146,8995,Pix,01,"R$ 0,00",,,,,,,,,,,
28145,8995,Pix,01,"R$ 0,00",,,,,,,,,,,
27102,2480,Pix,01,"R$ 0,00",,,,,,,,,,,
27901,4500,Pix,01,"R$ 0,00",,,,,,,,,,,
27901,3000,Credito,01,"R$ 71,10",,,,,,,,,,,
27902,2323,Pix,01,"R$ 0,00",,,,,,,,,,,
27902,11615,Credito,05,"R$ 296,18",,,,,,,,,,,
27903,1000,Dinheiro,01,"R$ 0,00",,,,,,,,,,,
27854,4000,Pix,01,"R$ 0,00",,,,,,,,,,,
27854,8000,Credito,02,"R$ 204,00",,,,,,,,,,,
27906,1895,Pix,01,"R$ 0,00",,,,,,,,,,,
27906,1895,Entrega,01,"R$ 0,00",,,,,,,,,,,
28096,5240,Credito,02,"R$ 133,62",,,,,,,,,,,
27907,5150,A Receber,,"R$ 0,00",,,,,,,,,,,
27904,2400,Pix,01,"R$ 0,00",,,,,,,,,,,
27905,1920,Pix,01,"R$ 0,00",,,,,,,,,,,
27852,3600,Pix,01,"R$ 0,00",,,,,,,,,,,
27852,2400,Entrega,01,"R$ 0,00",,,,,,,,,,,
27900,1350,Credito,01,"R$ 32,00",,,,,,,,,,,
27900,5000,Credito,05,"R$ 127,50",,,,,,,,,,,
27861,5000,Pix,01,"R$ 0,00",,,,,,,,,,,
27919,3700,Boleto,02,"R$ 3,98",,,,,,,,,,,
27920,19370,Pix,01,"R$ 0,00",,,,,,,,,,,
27119,2700,Credito,01,"R$ 63,99",,,,,,,,,,,
27118,7000,Pix,01,"R$ 0,00",,,,,,,,,,,
27872,3400,Pix,01,"R$ 0,00",,,,,,,,,,,
27108,3980,Credito,01,"R$ 94,33",,,,,,,,,,,
27909,1350,Pix,01,"R$ 0,00",,,,,,,,,,,
27909,5000,Credito,05,"R$ 127,50",,,,,,,,,,,
27107,6000,Pix,01,"R$ 0,00",,,,,,,,,,,
27107,13220,A Receber,03,"R$ 0,00",,,,,,,,,,,
28100,6540,Credito,04,"R$ 166,77",,,,,,,,,,,
27105,3540,Pix,01,"R$ 0,00",,,,,,,,,,,
27857,20000,Pix,01,"R$ 0,00",,,,,,,,,,,
27867,11000,A Receber,,"R$ 0,00",,,,,,,,,,,
27917,9500,Pix,01,"R$ 0,00",,,,,,,,,,,
27114,6380,Pix,01,"R$ 0,00",,,,,,,,,,,
27913,3900,Pix,01,"R$ 0,00",,,,,,,,,,,
27913,2590,A Receber,01,"R$ 0,00",,,,,,,,,,,
27869,6600,Pix,01,"R$ 0,00",,,,,,,,,,,
27869,4400,A Receber,01,"R$ 0,00",,,,,,,,,,,
27870,1000,Pix,01,"R$ 0,00",,,,,,,,,,,
27870,9300,Credito,05,"R$ 237,15",,,,,,,,,,,
27865,3395,Pix,01,"R$ 0,00",,,,,,,,,,,
27865,3395,Credito,01,"R$ 80,46",,,,,,,,,,,
27910,3300,Pix,01,"R$ 0,00",,,,,,,,,,,
27910,6642,Credito,2,"R$ 169,37",,,,,,,,,,,
27863,2190,Pix,01,"R$ 0,00",,,,,,,,,,,
27860,5000,Pix,01,"R$ 0,00",,,,,,,,,,,
27109,3000,Dinheiro,01,"R$ 0,00",,,,,,,,,,,
27109,3000,Débito,01,"R$ 43,20",,,,,,,,,,,
27110,3480,Pix,01,"R$ 0,00",,,,,,,,,,,
27110,2320,Credito,01,"R$ 54,98",,,,,,,,,,,
27104,13000,Boleto,5,"R$ 9,95",,,,,,,,,,,
27858,8900,Pix,01,"R$ 0,00",,,,,,,,,,,
27908,4440,Pix,01,"R$ 0,00",,,,,,,,,,,
27908,2960,Credito,01,"R$ 70,15",,,,,,,,,,,
28097,4760,Pix,01,"R$ 0,00",,,,,,,,,,,
27117,6000,Credito,5,"R$ 153,00",,,,,,,,,,,
28099,14520.09,Pix,01,"R$ 0,00",,,,,,,,,,,
27106,9400,Credito,06,"R$ 239,70",,,,,,,,,,,
28150,2300,Pix,01,"R$ 0,00",,,,,,,,,,,
27103,6000,Pix,01,"R$ 0,00",,,,,,,,,,,
27103,5540,Credito,05,"R$ 141,27",,,,,,,,,,,
27112,1705,Pix,01,"R$ 0,00",,,,,,,,,,,
27915,11660,Credito,06,"R$ 297,33",,,,,,,,,,,
27914,2000,Pix,01,"R$ 0,00",,,,,,,,,,,
27113,5000,Pix,01,"R$ 0,00",,,,,,,,,,,
27859,4000,Credito,01,"R$ 94,80",,,,,,,,,,,
28148,3200,Pix,01,"R$ 0,00",,,,,,,,,,,
27864,1200,Pix,01,"R$ 0,00",,,,,,,,,,,
27864,3540,Credito,01,"R$ 83,90",,,,,,,,,,,
27912,4200,Credito,02,"R$ 107,10",,,,,,,,,,,
27911,1890,Débito,01,"R$ 27,22",,,,,,,,,,,
27873,7332,Pix,01,"R$ 0,00",,,,,,,,,,,
27873,4760,Entrega,01,"R$ 0,00",,,,,,,,,,,
27115,2480,Pix,01,"R$ 0,00",,,,,,,,,,,
27871,4399,Pix,01,"R$ 0,00",,,,,,,,,,,
27918,2500,Pix,01,"R$ 0,00",,,,,,,,,,,
27918,3891,Credito,02,"R$ 99,22",,,,,,,,,,,
27855,1600,Pix,01,"R$ 0,00",,,,,,,,,,,
27855,3140,Credito,2,"R$ 80,07",,,,,,,,,,,
27116,13800,Credito,06,"R$ 351,90",,,,,,,,,,,
27121,6000,Cheque,06,,,,,,,,,,,,
27124,14000,Pix,01,,,,,,,,,,,,
27876,7800,Credito,01,,,,,,,,,,,,
27122,4900,Credito,01,"R$ 116,13",,,,,,,,,,,
27875,9000,Pix,01,"R$ 0,00",,,,,,,,,,,
27877,16000,Pix,01,"R$ 0,00",,,,,,,,,,,
27877,31990,Boleto,02,"R$ 3,98",,,,,,,,,,,
27879,450,Pix,01,"R$ 0,00",,,,,,,,,,,
27925,1000,Pix,01,"R$ 0,00",,,,,,,,,,,
27925,2000,Credito,02,"R$ 51,00",,,,,,,,,,,
27926,3300,Credito,03,"R$ 84,15",,,,,,,,,,,
27928,1500,Pix,01,"R$ 0,00",,,,,,,,,,,
27928,3100,Credito,02,"R$ 79,05",,,,,,,,,,,
27927,8150,Pix,01,"R$ 0,00",,,,,,,,,,,
27929,11300,Pix,01,"R$ 0,00",,,,,,,,,,,
27882,5440,Pix,01,"R$ 0,00",,,,,,,,,,,
27930,985,Pix,01,"R$ 0,00",,,,,,,,,,,
27930,1000,Credito,01,"R$ 23,70",,,,,,,,,,,
27993,8680,Pix,01,"R$ 0,00",,,,,,,,,,,
27932,2500,Pix,01,"R$ 0,00",,,,,,,,,,,
27932,7500,Credito,02,"R$ 191,25",,,,,,,,,,,
27931,2202,Pix,01,"R$ 0,00",,,,,,,,,,,
27887,1000,Pix,01,"R$ 0,00",,,,,,,,,,,
27887,3830,A Receber,02,"R$ 0,00",,,,,,,,,,,
27134,2100,Pix,01,"R$ 0,00",,,,,,,,,,,
27132,5500,Pix,01,"R$ 0,00",,,,,,,,,,,
27943,500,Débito,01,"R$ 7,20",,,,,,,,,,,
27943,5200,Credito,03,"R$ 132,60",,,,,,,,,,,
27133,10000,Pix,01,"R$ 0,00",,,,,,,,,,,
27133,30000,Credito,03,"R$ 765,00",,,,,,,,,,,
27128,2575,A Receber,01,"R$ 0,00",,,,,,,,,,,
27128,2575,Pix,01,"R$ 0,00",,,,,,,,,,,
27937,5990,Pix,01,"R$ 0,00",,,,,,,,,,,
27941,3800,Pix,01,"R$ 0,00",,,,,,,,,,,
27130,2985,Pix,01,"R$ 0,00",,,,,,,,,,,
27885,800,Pix,01,"R$ 0,00",,,,,,,,,,,
27885,7200,Boleto,06,"R$ 11,94",,,,,,,,,,,
27939,3200,Credito,01,"R$ 75,84",,,,,,,,,,,
27940,3100,Pix,01,"R$ 0,00",,,,,,,,,,,
27940,15900,Credito,05,"R$ 405,45",,,,,,,,,,,
27883,14000,Transferência,01,"R$ 0,00",,,,,,,,,,,
27934,4500,Credito,01,"R$ 106,65",,,,,,,,,,,
27923,13765,Pix,01,"R$ 0,00",,,,,,,,,,,
27923,68837,Credito,05,"R$ 1.755,34",,,,,,,,,,,
27936,1000,Pix,01,"R$ 0,00",,,,,,,,,,,
27936,3700,Credito,02,"R$ 94,35",,,,,,,,,,,
27935,825,Pix,01,"R$ 0,00",,,,,,,,,,,
27935,5775,Credito,07,"R$ 174,98",,,,,,,,,,,
27946,4000,Pix,01,"R$ 0,00",,,,,,,,,,,
27946,1600,A Receber,01,"R$ 0,00",,,,,,,,,,,
27947,1220,Pix,01,"R$ 0,00",,,,,,,,,,,
27892,10000,A Receber,01,"R$ 0,00",,,,,,,,,,,
27893,5000,Pix,01,"R$ 0,00",,,,,,,,,,,
27893,4200,A Receber,01,"R$ 0,00",,,,,,,,,,,
27894,6000,Pix,01,"R$ 0,00",,,,,,,,,,,
27894,2300,A Receber,01,"R$ 0,00",,,,,,,,,,,
27945,1000,Pix,01,"R$ 0,00",,,,,,,,,,,
27945,1145,Boleto,01,"R$ 1,99",,,,,,,,,,,
27944,1795,Credito,01,"R$ 42,54",,,,,,,,,,,
27135,3600,Pix,01,"R$ 0,00",,,,,,,,,,,
27135,3000,A Receber,01,"R$ 0,00",,,,,,,,,,,
27136,25780,Credito,6,"R$ 657,39",,,,,,,,,,,
27890,11000,Pix,01,"R$ 0,00",,,,,,,,,,,
27890,9985,Credito,06,"R$ 254,62",,,,,,,,,,,
27938,15000,Dinheiro,01,"R$ 0,00",,,,,,,,,,,
27938,4000,A Receber,01,"R$ 0,00",,,,,,,,,,,
27880,1210,Pix,01,"R$ 0,00",,,,,,,,,,,
27880,10590,Credito,2,"R$ 270,05",,,,,,,,,,,
26660,5990,Credito,02,"R$ 152,75",,,,,,,,,,,
27679,4185,Pix,01,"R$ 0,00",,,,,,,,,,,
27149,4200,Pix,01,"R$ 0,00",,,,,,,,,,,
27655,5595,Credito,03,"R$ 142,67",,,,,,,,,,,
27896,5400,Dinheiro,01,"R$ 0,00",,,,,,,,,,,
27140,980,Credito,02,"R$ 24,99",,,,,,,,,,,
27662,6160,Pix,01,"R$ 0,00",,,,,,,,,,,
27662,2640,Entrega,01,"R$ 0,00",,,,,,,,,,,
27651,6720,Credito,08,"R$ 203,62",,,,,,,,,,,
27898,8000,Pix,01,"R$ 0,00",,,,,,,,,,,
27898,11300,Credito,08,"R$ 342,39",,,,,,,,,,,
27656,13990,Pix,01,"R$ 0,00",,,,,,,,,,,
27148,750,Débito,01,"R$ 10,80",,,,,,,,,,,
27148,3750,Credito,05,"R$ 95,63",,,,,,,,,,,
27670,9870,Credito,01,"R$ 233,92",,,,,,,,,,,
27665,5500,Pix,01,"R$ 0,00",,,,,,,,,,,
27665,7500,Boleto,03,"R$ 5,97",,,,,,,,,,,
27667,3630,Credito,05,"R$ 92,57",,,,,,,,,,,
27664,13960,Pix,01,"R$ 0,00",,,,,,,,,,,
27677,6500,Pix,01,"R$ 0,00",,,,,,,,,,,
27677,31500,Credito,05,"R$ 803,25",,,,,,,,,,,
27676,5996,Boleto,01,"R$ 1,99",,,,,,,,,,,
27676,5996,Entrega,01,"R$ 0,00",,,,,,,,,,,
27657,5420,Pix,01,"R$ 0,00",,,,,,,,,,,
27657,2320,Entrega,01,"R$ 0,00",,,,,,,,,,,
27659,2370,Pix,01,"R$ 0,00",,,,,,,,,,,
27659,2370,Entrega,01,"R$ 0,00",,,,,,,,,,,
27671,1400,Pix,01,"R$ 0,00",,,,,,,,,,,
26654,1000,Pix,01,"R$ 0,00",,,,,,,,,,,
26654,2000,Credito,02,"R$ 51,00",,,,,,,,,,,
26655,8980,Pix,01,"R$ 0,00",,,,,,,,,,,
27682,800,Pix,01,"R$ 0,00",,,,,,,,,,,
27682,5000,Entrega,01,"R$ 0,00",,,,,,,,,,,
27661,300,Pix,01,"R$ 0,00",,,,,,,,,,,
27661,1400,Credito,02,"R$ 35,70",,,,,,,,,,,
27663,10000,Credito,06,"R$ 255,00",,,,,,,,,,,
27658,11300,Dinheiro,01,"R$ 0,00",,,,,,,,,,,
27652,3750,Pix,01,"R$ 0,00",,,,,,,,,,,
27652,3700,Entrega,01,"R$ 0,00",,,,,,,,,,,
27895,1890,Pix,01,"R$ 0,00",,,,,,,,,,,
27141,1380,Credito,01,"R$ 32,71",,,,,,,,,,,
27139,1470,Pix,01,"R$ 0,00",,,,,,,,,,,
27139,630,Entrega,01,"R$ 0,00",,,,,,,,,,,
27138,7345,Credito,07,"R$ 222,55",,,,,,,,,,,
27144,890,Pix,01,"R$ 0,00",,,,,,,,,,,
27672,12415,Pix,01,"R$ 0,00",,,,,,,,,,,
27672,3135,Entrega,01,"R$ 0,00",,,,,,,,,,,
27669,1625,Pix,01,"R$ 0,00",,,,,,,,,,,
27669,4875,Credito,03,"R$ 124,31",,,,,,,,,,,
26651,2720,A Receber,01,"R$ 0,00",,,,,,,,,,,
26652,3000,Transferência,01,"R$ 0,00",,,,,,,,,,,
27680,3850,Pix,01,"R$ 0,00",,,,,,,,,,,
27680,1650,Entrega,01,"R$ 0,00",,,,,,,,,,,
26653,7500,Pix,01,"R$ 0,00",,,,,,,,,,,
26653,3260,Entrega,01,"R$ 0,00",,,,,,,,,,,
26661,1500,Pix,01,"R$ 0,00",,,,,,,,,,,
26661,17900,Boleto,10,"R$ 19,90",,,,,,,,,,,
27681,720,Credito,01,"R$ 17,06",,,,,,,,,,,
27660,3500,Cheque,01,"R$ 0,00",,,,,,,,,,,
27660,1500,Entrega,01,"R$ 0,00",,,,,,,,,,,
27897,13500,Credito,04,"R$ 344,25",,,,,,,,,,,
27142,14000,Dinheiro,01,"R$ 0,00",,,,,,,,,,,
27145,2200,Credito,04,"R$ 56,10",,,,,,,,,,,
27146,3280,Pix,01,"R$ 0,00",,,,,,,,,,,
27147,8200,Pix,01,"R$ 0,00",,,,,,,,,,,
26659,24858,Pix,01,"R$ 0,00",,,,,,,,,,,
27708,4760,Pix,01,"R$ 0,00",,,,,,,,,,,
27708,2040,A Receber,01,"R$ 0,00",,,,,,,,,,,
26692,700,Pix,01,"R$ 0,00",,,,,,,,,,,
26692,3284,Credito,06,"R$ 83,74",,,,,,,,,,,
26679,9673,Pix,01,,,,,,,,,,,,
26696,5000,Pix,01,,,,,,,,,,,,
26696,23560,Boleto,01,,,,,,,,,,,,
26681,9000,Pix,01,,,,,,,,,,,,
26681,3500,A Receber,01,,,,,,,,,,,,
26680,4000,Pix,01,,,,,,,,,,,,
26682,2720,Pix,01,,,,,,,,,,,,
26683,16722,Pix,01,,,,,,,,,,,,
26685,2500,Credito,02,,,,,,,,,,,,
26672,7370,Credito,01,,,,,,,,,,,,
26670,550,Credito,01,,,,,,,,,,,,
27702,4500,Dinheiro,01,,,,,,,,,,,,
27702,9395,Boleto,06,,,,,,,,,,,,
26663,3000,Dinheiro,01,,,,,,,,,,,,
26663,2900,Credito,03,,,,,,,,,,,,
27685,11330,Cheque,06,,,,,,,,,,,,
27088,3766,Credito,03,,,,,,,,,,,,
26662,2394,Credito,01,,,,,,,,,,,,
26675,2000,Pix,01,,,,,,,,,,,,
26675,2000,Pix,01,,,,,,,,,,,,
26675,2960,Entrega,01,,,,,,,,,,,,
26675,2960,Entrega,01,,,,,,,,,,,,
26694,600,Credito,01,,,,,,,,,,,,
26694,3400,Credito,06,,,,,,,,,,,,
26688,2000,Pix,01,,,,,,,,,,,,
26688,8240,Credito,05,,,,,,,,,,,,
27693,5000,Pix,01,,,,,,,,,,,,
27693,11156,Credito,02,,,,,,,,,,,,
27703,3300,Credito,01,,,,,,,,,,,,
26671,5300,Dinheiro,01,,,,,,,,,,,,
27701,7630,Credito,06,,,,,,,,,,,,
27684,890,Pix,01,,,,,,,,,,,,
27684,3562,Credito,04,,,,,,,,,,,,
26664,1800,Pix,01,,,,,,,,,,,,
26664,5000,Credito,02,,,,,,,,,,,,
26676,4000,Pix,01,,,,,,,,,,,,
26693,5750,Credito,02,,,,,,,,,,,,
26689,9000,Dinheiro,01,,,,,,,,,,,,
26689,4000,A Receber,01,,,,,,,,,,,,
27706,3500,Pix,01,,,,,,,,,,,,
27705,1800,Pix,01,,,,,,,,,,,,
27705,3600,Credito,02,,,,,,,,,,,,
26678,18000,Boleto,05,,,,,,,,,,,,
26684,3440,Credito,03,,,,,,,,,,,,
26687,1400,Pix,01,,,,,,,,,,,,
26687,5590,Credito,04,,,,,,,,,,,,
27691,550,Pix,01,,,,,,,,,,,,
27691,550,A Receber,01,,,,,,,,,,,,
26673,3499,Credito,01,,,,,,,,,,,,
27690,5000,Pix,01,,,,,,,,,,,,
27695,4000,Dinheiro,01,,,,,,,,,,,,
27696,6996,Dinheiro,01,,,,,,,,,,,,
26668,2796,Pix,01,,,,,,,,,,,,
26669,34108,Credito,05,,,,,,,,,,,,
26691,900,Dinheiro,01,,,,,,,,,,,,
26691,900,Outro,01,,,,,,,,,,,,
26686,6350,Outro,03,,,,,,,,,,,,
27704,4990,Pix,01,,,,,,,,,,,,
27700,2720,Pix,01,,,,,,,,,,,,
26667,3200,Débito,01,,,,,,,,,,,,
27710,4200,Pix,01,,,,,,,,,,,,
27710,2800,A Receber,01,,,,,,,,,,,,
27683,3534,Pix,01,,,,,,,,,,,,
27683,7067,Credito,02,,,,,,,,,,,,
26665,10480,Pix,01,,,,,,,,,,,,
27709,5228,Outro,01,,,,,,,,,,,,
27889,13168,Credito,01,,,,,,,,,,,,
26666,14000,Credito,05,,,,,,,,,,,,
27687,620,Dinheiro,01,,,,,,,,,,,,
27687,3100,Credito,03,,,,,,,,,,,,
27694,10000,Dinheiro,01,,,,,,,,,,,,
27694,3000,Credito,07,,,,,,,,,,,,
27707,60000,Credito,10,,,,,,,,,,,,
27728,1070,Pix,01,,,,,,,,,,,,
27459,7733,Pix,01,,,,,,,,,,,,
27459,15466,A Receber,02,,,,,,,,,,,,
27724,900,Dinheiro,01,,,,,,,,,,,,
27724,1249,Pix,01,,,,,,,,,,,,
27453,560,Débito,01,,,,,,,,,,,,
27453,2700,Credito,05,,,,,,,,,,,,
27716,1000,Pix,01,,,,,,,,,,,,
27716,3080,Credito,05,,,,,,,,,,,,
27451,6000,Pix,01,,,,,,,,,,,,
26697,4200,Pix,01,,,,,,,,,,,,
26698,2500,Pix,01,,,,,,,,,,,,
27711,4000,Pix,01,,,,,,,,,,,,
27465,4530,Pix,01,,,,,,,,,,,,
27466,6400,Pix,01,,,,,,,,,,,,
27466,10000,Credito,07,,,,,,,,,,,,
27723,4950,Credito,03,,,,,,,,,,,,
27956,4000,Pix,01,,,,,,,,,,,,
27956,3000,Credito,06,,,,,,,,,,,,
27958,9440,Credito,05,,,,,,,,,,,,
27458,1499,Débito,01,,,,,,,,,,,,
27727,1500,Pix,01,,,,,,,,,,,,
27727,4500,Credito,03,,,,,,,,,,,,
27462,2325,Pix,01,,,,,,,,,,,,
27462,2325,Credito,01,,,,,,,,,,,,
27722,2200,Pix,01,,,,,,,,,,,,
27713,9000,Dinheiro,01,,,,,,,,,,,,
27712,3780,Pix,01,,,,,,,,,,,,
27953,2384,Pix,01,,,,,,,,,,,,
27953,4766,Credito,02,,,,,,,,,,,,
27720,650,Pix,01,,,,,,,,,,,,
27720,650,Credito,01,,,,,,,,,,,,
27951,1400,Pix,01,,,,,,,,,,,,
27951,1485,Credito,01,,,,,,,,,,,,
27961,5400,Pix,01,,,,,,,,,,,,
27961,2360,A Receber,01,,,,,,,,,,,,
27957,1000,Dinheiro,01,,,,,,,,,,,,
27957,7000,Pix,01,,,,,,,,,,,,
27456,8000,Dinheiro,01,,,,,,,,,,,,
27955,1000,Pix,01,,,,,,,,,,,,
27955,3320,Credito,03,,,,,,,,,,,,
27954,6000,Pix,01,,,,,,,,,,,,
27954,4000,A Receber,01,,,,,,,,,,,,
27460,500,Credito,01,,,,,,,,,,,,
27463,1000,Pix,01,,,,,,,,,,,,
27463,7800,Credito,07,,,,,,,,,,,,
27959,2952,Pix,01,,,,,,,,,,,,
27959,11808,Boleto,04,,,,,,,,,,,,
27725,11958,Credito,05,,,,,,,,,,,,
27721,5950,Pix,01,,,,,,,,,,,,
27721,2550,A Receber,01,,,,,,,,,,,,
27718,1610,Pix,01,,,,,,,,,,,,
27718,3220,Credito,02,,,,,,,,,,,,
27719,2300,Dinheiro,01,,,,,,,,,,,,
27952,2600,Pix,01,,,,,,,,,,,,
27715,998,Pix,01,,,,,,,,,,,,
27715,3272,Credito,04,,,,,,,,,,,,
27452,2156,Pix,01,,,,,,,,,,,,
27452,924,A Receber,01,,,,,,,,,,,,
26699,11400,Boleto,01,,,,,,,,,,,,
27464,1700,Pix,01,,,,,,,,,,,,
27717,5000,Pix,01,,,,,,,,,,,,
27717,10500,Credito,05,,,,,,,,,,,,
27976,1996,Pix,01,,,,,,,,,,,,
27977,1000,Pix,01,,,,,,,,,,,,
27977,1200,Credito,02,,,,,,,,,,,,
27747,1820,Credito,02,,,,,,,,,,,,
27978,9670,Pix,01,,,,,,,,,,,,
27981,1700,Pix,01,,,,,,,,,,,,
27981,8500,Credito,05,,,,,,,,,,,,
27980,2000,Pix,01,,,,,,,,,,,,
27501,5000,Cheque,05,,,,,,,,,,,,
27482,10000,Credito,10,,,,,,,,,,,,
27973,1860,Pix,01,,,,,,,,,,,,
27973,3740,Credito,02,,,,,,,,,,,,
27480,2937,Pix,01,,,,,,,,,,,,
27734,1800,Pix,01,,,,,,,,,,,,
27479,6800,A Receber,,,,,,,,,,,,,
27468,2800,Pix,01,,,,,,,,,,,,
27475,2400,Pix,01,,,,,,,,,,,,
27968,1550,Pix,01,,,,,,,,,,,,
27963,4200,Pix,01,,,,,,,,,,,,
27963,1800,Credito,01,,,,,,,,,,,,
27729,400,Cheque,01,,,,,,,,,,,,
27731,1000,Pix,01,,,,,,,,,,,,
27731,5600,Credito,01,,,,,,,,,,,,
27741,3415,Pix,01,,,,,,,,,,,,
27476,1690,Pix,01,,,,,,,,,,,,
27966,8496,Pix,01,,,,,,,,,,,,
27496,10000,Pix,01,,,,,,,,,,,,
27496,9564,Credito,4,,,,,,,,,,,,
27497,1260,Credito,01,,,,,,,,,,,,
27486,500,Pix,01,,,,,,,,,,,,
27486,5500,Credito,06,,,,,,,,,,,,
27502,3865,Pix,01,,,,,,,,,,,,
27502,2577,Credito,01,,,,,,,,,,,,
27503,650,Pix,01,,,,,,,,,,,,
27481,16570,A Receber,06,,,,,,,,,,,,
27744,5355,Pix,01,,,,,,,,,,,,
27492,8890,Boleto,06,,,,,,,,,,,,
27740,1737,Pix,01,,,,,,,,,,,,
27740,3475,Credito,02,,,,,,,,,,,,
27493,7390,Credito,04,,,,,,,,,,,,
27960,13500,Pix,01,,,,,,,,,,,,
27735,1100,Pix,01,,,,,,,,,,,,
27735,1290,Credito,01,,,,,,,,,,,,
27732,4000,Pix,01,,,,,,,,,,,,
27732,5000,Credito,02,,,,,,,,,,,,
27474,699,Pix,01,,,,,,,,,,,,
27970,11365,Credito,06,,,,,,,,,,,,
27985,5500,Pix,01,,,,,,,,,,,,
27985,7300,A Receber,01,,,,,,,,,,,,
27738,900,Dinheiro,01,,,,,,,,,,,,
27485,5900,Pix,01,,,,,,,,,,,,
27485,3200,Pix,01,,,,,,,,,,,,
27488,17120,Credito,04,,,,,,,,,,,,
27478,4795,Pix,01,,,,,,,,,,,,
27739,11000,Pix,01,,,,,,,,,,,,
27974,5500,Pix,01,,,,,,,,,,,,
27974,11000,Credito,02,,,,,,,,,,,,
27743,8700,Pix,01,,,,,,,,,,,,
27743,3750,A Receber,01,,,,,,,,,,,,
27972,1200,Credito,03,,,,,,,,,,,,
27733,10000,Pix,01,,,,,,,,,,,,
27733,77000,Boleto,07,,,,,,,,,,,,
27504,3540,Credito,03,,,,,,,,,,,,
27990,3800,Pix,01,,,,,,,,,,,,
27495,6530,Pix,01,,,,,,,,,,,,
27748,575,Pix,01,,,,,,,,,,,,
27746,4400,Transferência,01,,,,,,,,,,,,
27982,7770,Pix,01,,,,,,,,,,,,
27982,4230,A Receber,01,,,,,,,,,,,,
27494,6200,Pix,01,,,,,,,,,,,,
27984,18000,Pix,01,,,,,,,,,,,,
27984,10860,A Receber,01,,,,,,,,,,,,
27484,8500,Pix,01,,,,,,,,,,,,
27484,5760,Credito,01,,,,,,,,,,,,
27736,1000,Dinheiro,01,,,,,,,,,,,,
27736,2000,Credito,02,,,,,,,,,,,,
27737,34000,Pix,01,,,,,,,,,,,,
27483,44000,Pix,01,,,,,,,,,,,,
27745,990,Pix,01,,,,,,,,,,,,
27745,990,Credito,01,,,,,,,,,,,,
27742,1700,Pix,01,,,,,,,,,,,,
27472,20000,Pix,01,,,,,,,,,,,,
27472,12580,A Receber,01,,,,,,,,,,,,
27467,1300,Pix,01,,,,,,,,,,,,
27467,2600,Credito,2,,,,,,,,,,,,
27470,2300,Pix,01,,,,,,,,,,,,
27470,2300,Credito,5,,,,,,,,,,,,
27505,14500,Dinheiro,01,,,,,,,,,,,,
27987,4130,Pix,01,,,,,,,,,,,,
27987,4130,Credito,01,,,,,,,,,,,,
27989,10000,Pix,01,,,,,,,,,,,,
27988,11000,Pix,01,,,,,,,,,,,,
27975,3597,Boleto,01,,,,,,,,,,,,
27469,2120,Débito,01,,,,,,,,,,,,
27469,5000,Credito,03,,,,,,,,,,,,
27525,6200,Débito,01,,,,,,,,,,,,
27431,7000,Dinheiro,01,,,,,,,,,,,,
27431,23000,Pix,01,,,,,,,,,,,,
27512,2750,Pix,01,,,,,,,,,,,,
27512,8250,Credito,03,,,,,,,,,,,,
27518,8847,Dinheiro,01,,,,,,,,,,,,
25519,34795,Credito,01,,,,,,,,,,,,
27428,11000,Pix,01,,,,,,,,,,,,
27428,5000,A Receber,01,,,,,,,,,,,,
27416,1906,Pix,01,,,,,,,,,,,,
27416,7624,Credito,04,,,,,,,,,,,,
27407,12600,Pix,01,,,,,,,,,,,,
27409,3500,Pix,01,,,,,,,,,,,,
27507,3240,Pix,01,,,,,,,,,,,,
28000,2860,Pix,01,,,,,,,,,,,,
28000,2860,Credito,01,,,,,,,,,,,,
27406,4130,Pix,01,,,,,,,,,,,,
27996,1900,Pix,01,,,,,,,,,,,,
27996,1900,A Receber,01,,,,,,,,,,,,
27992,3850,Pix,01,,,,,,,,,,,,
27556,5380,Pix,01,,,,,,,,,,,,
27556,5380,A Receber,01,,,,,,,,,,,,
27528,1100,Credito,02,,,,,,,,,,,,
27434 ,2600,Débito,01,,,,,,,,,,,,
27434 ,5180,Credito,02,,,,,,,,,,,,
27552,21900,Boleto,07,,,,,,,,,,,,
27554,1600,Credito,01,,,,,,,,,,,,
27553,1000,Pix,01,,,,,,,,,,,,
27553,1000,Credito,01,,,,,,,,,,,,
27426,13250,Credito,01,,,,,,,,,,,,
27514,2990,Pix,01,,,,,,,,,,,,
27420,2300,Credito,01,,,,,,,,,,,,
27419,2400,Débito,01,,,,,,,,,,,,
27419,4800,Credito,02,,,,,,,,,,,,
27414,14000,Pix,01,,,,,,,,,,,,
27410,8500,Credito,05,,,,,,,,,,,,
27408,520,Pix,01,,,,,,,,,,,,
27408,4000,Credito,04,,,,,,,,,,,,
27498,990,Pix,01,,,,,,,,,,,,
27498,3960,Credito,04,,,,,,,,,,,,
27402,850,Credito,01,,,,,,,,,,,,
27530,720,Pix,01,,,,,,,,,,,,
27530,720,Cheque,01,,,,,,,,,,,,
27436,934,Pix,01,,,,,,,,,,,,
27436,3739,Credito,4,,,,,,,,,,,,
27529,4125,Pix,01,,,,,,,,,,,,
27529,4125,A Receber,01,,,,,,,,,,,,
27433,6800,Dinheiro,01,,,,,,,,,,,,
27435,1000,Dinheiro,01,,,,,,,,,,,,
27435,600,Pix,01,,,,,,,,,,,,
27522,971,Pix,01,,,,,,,,,,,,
27522,1942,Credito,02,,,,,,,,,,,,
27521,4600,Pix,01,,,,,,,,,,,,
27422,250,Pix,01,,,,,,,,,,,,
27423,1554,Pix,01,,,,,,,,,,,,
27424,2750,Pix,01,,,,,,,,,,,,
27424,2750,Credito,01,,,,,,,,,,,,
27429,1150,Pix,01,,,,,,,,,,,,
27421,7000,Pix,01,,,,,,,,,,,,
27418,4550,Pix,01,,,,,,,,,,,,
27417,400,Pix,01,,,,,,,,,,,,
27510,600,Credito,06,,,,,,,,,,,,
27411,3215,Pix,01,,,,,,,,,,,,
27412,3340,Pix,01,,,,,,,,,,,,
27412,13360,Credito,04,,,,,,,,,,,,
27405,5500,Pix,01,,,,,,,,,,,,
27999,6000,Pix,01,,,,,,,,,,,,
27999,3500,A Receber,01,,,,,,,,,,,,
27500,4000,Credito,06,,,,,,,,,,,,
27401,1453,Pix,01,,,,,,,,,,,,
27401,7266,Credito,05,,,,,,,,,,,,
27513,5460,Pix,01,,,,,,,,,,,,
27513,2340,A Receber,01,,,,,,,,,,,,
27511,4285,Credito,03,,,,,,,,,,,,
27415,7500,Pix,01,,,,,,,,,,,,
27403,4000,Pix,01,,,,,,,,,,,,
27991,8000,Débito,01,,,,,,,,,,,,
27427,5888,Débito,01,,,,,,,,,,,,
27499,20600,Cheque,06,,,,,,,,,,,,
27995,1000,Pix,01,,,,,,,,,,,,
27995,1588,Débito,01,,,,,,,,,,,,
27995,3650,Dinheiro,01,,,,,,,,,,,,
27519,2795,Credito,1,,,,,,,,,,,,
27519,7000,Credito,1,,,,,,,,,,,,
27519,25000,Credito,1,,,,,,,,,,,,
27572,8500,Pix,01,,,,,,,,,,,,
27543,2200,Transferência,01,,,,,,,,,,,,
27542,500,Transferência,01,,,,,,,,,,,,
27539,900,Transferência,01,,,,,,,,,,,,
27575 ,3000,Pix,01,,,,,,,,,,,,
27575 ,2300,A Receber,01,,,,,,,,,,,,
27259,1566,Pix,01,,,,,,,,,,,,
27259,3132,Credito,02,,,,,,,,,,,,
27445,5000,Pix,01,,,,,,,,,,,,
27445,4520,A Receber,01,,,,,,,,,,,,
27447,8000,Pix,01,,,,,,,,,,,,
27447,40295,Credito,05,,,,,,,,,,,,
27448,16500,Boleto,01,,,,,,,,,,,,
27449,2300,Pix,01,,,,,,,,,,,,
27533,6000,Pix,01,,,,,,,,,,,,
27441,4900,Pix,01,,,,,,,,,,,,
27441,2100,A Receber,01,,,,,,,,,,,,
27566,3000,Pix,01,,,,,,,,,,,,
27566,2490,Credito,06,,,,,,,,,,,,
27444,1425,Pix,01,,,,,,,,,,,,
27444,4275,Credito,03,,,,,,,,,,,,
27254,12785,Pix,01,,,,,,,,,,,,
27254,12785,A Receber,01,,,,,,,,,,,,
27265,3000,Pix,01,,,,,,,,,,,,
27265,3285,A Receber,01,,,,,,,,,,,,
27260,1333,Transferência,01,,,,,,,,,,,,
27260,1333,A Receber,01,,,,,,,,,,,,
27579,11385,Pix,01,,,,,,,,,,,,
27579,11385,A Receber,01,,,,,,,,,,,,
27576,1500,Dinheiro,01,,,,,,,,,,,,
27576,1900,A Receber,01,,,,,,,,,,,,
27264,4300,Boleto,01,,,,,,,,,,,,
27544,5629,Credito,05,,,,,,,,,,,,
27577,2000,Pix,01,,,,,,,,,,,,
27577,17000,Credito,06,,,,,,,,,,,,
27258,2100,Pix,01,,,,,,,,,,,,
27541,9400,Boleto,02,,,,,,,,,,,,
27531,20000,Dinheiro,01,,,,,,,,,,,,
27446,4170,Pix,01,,,,,,,,,,,,
27559,1550,Dinheiro,01,,,,,,,,,,,,
27561,2090,Credito,01,,,,,,,,,,,,
27442,10000,Pix,01,,,,,,,,,,,,
27442,13600,Credito,02,,,,,,,,,,,,
27558,2097,Outro,01,,,,,,,,,,,,
27570,2580,Pix,01,,,,,,,,,,,,
27535,11669,Pix,01,,,,,,,,,,,,
27262,4840,Credito,05,,,,,,,,,,,,
27573,6200,Pix,01,,,,,,,,,,,,
27573,6200,A Receber,01,,,,,,,,,,,,
27256,3792,Credito,05,,,,,,,,,,,,
27261,2038,Transferência,01,,,,,,,,,,,,
27574,4000,Pix,01,,,,,,,,,,,,
27574,21000,Outro,01,,,,,,,,,,,,
27574,10000,A Receber,01,,,,,,,,,,,,
27567,1000,Pix,01,,,,,,,,,,,,
27567,4000,Outro,01,,,,,,,,,,,,
27567,6928,Credito,03,,,,,,,,,,,,
27532,3290,Pix,01,,,,,,,,,,,,
27532,1410,A Receber,01,,,,,,,,,,,,
27568,642,Pix,01,,,,,,,,,,,,
27568,3858,Credito,06,,,,,,,,,,,,
27560,1532,Pix,01,,,,,,,,,,,,
27560,7660,Credito,05,,,,,,,,,,,,
27563,11500,Pix,01,,,,,,,,,,,,
27562,1500,Pix,01,,,,,,,,,,,,
27564,1500,Pix,01,,,,,,,,,,,,
27565,6500,Pix,01,,,,,,,,,,,,
27523,2095,Pix,01,,,,,,,,,,,,
27523,2095,A Receber,01,,,,,,,,,,,,
27534,6480,Credito,02,,,,,,,,,,,,
27569,840,Pix,01,,,,,,,,,,,,
27571,830,Pix,01,,,,,,,,,,,,
27266,1250,Pix,01,,,,,,,,,,,,
27281,8000,Transferência,01,,,,,,,,,,,,
27281,14310,A Receber,02,,,,,,,,,,,,
27557,5000,Pix,01,,,,,,,,,,,,
27443,18948,Pix,01,,,,,,,,,,,,
27438,22000,Pix,01,,,,,,,,,,,,
27263,15250,Credito,04,,,,,,,,,,,,
27604,15000,Pix,01,,,,,,,,,,,,
27602,3000,Transferência,01,,,,,,,,,,,,
27602,3100,A Receber,01,,,,,,,,,,,,
27303,1900,Pix,01,,,,,,,,,,,,
27303,3900,A Receber,01,,,,,,,,,,,,
27283,15000,Cheque,03,,,,,,,,,,,,
27608,11000,Transferência,01,,,,,,,,,,,,
27550,5000,Pix,01,,,,,,,,,,,,
27550,3720,A Receber,01,,,,,,,,,,,,
27272,4000,Pix,01,,,,,,,,,,,,
27272,400,Dinheiro,01,,,,,,,,,,,,
27274,8869,Boleto,05,,,,,,,,,,,,
27599,2000,Pix,01,,,,,,,,,,,,
27599,12800,Credito,05,,,,,,,,,,,,
27291,26320,A Receber,01,,,,,,,,,,,,
27611,5425,Transferência,01,,,,,,,,,,,,
27611,5425,A Receber,01,,,,,,,,,,,,
27289,3900,Credito,01,,,,,,,,,,,,
27613,2000,Credito,01,,,,,,,,,,,,
27308,2800,Transferência,01,,,,,,,,,,,,
27308,1960,A Receber,01,,,,,,,,,,,,
27307,4500,Credito,01,,,,,,,,,,,,
27304,12900,Pix,01,,,,,,,,,,,,
27287,2160,Dinheiro,01,,,,,,,,,,,,
27287,2160,Credito,01,,,,,,,,,,,,
27288,3630,Credito,01,,,,,,,,,,,,
27585,1685,Credito,01,,,,,,,,,,,,
27548,1800,Credito,04,,,,,,,,,,,,
27589,3500,Pix,01,,,,,,,,,,,,
27589,4100,Credito,06,,,,,,,,,,,,
27591,6000,Boleto,02,,,,,,,,,,,,
27267,4250,Pix,01,,,,,,,,,,,,
27277 ,8000,Pix,01,,,,,,,,,,,,
27282,4000,Pix,01,,,,,,,,,,,,
27282,18200,Credito,05,,,,,,,,,,,,
27590,2085,Credito,06,,,,,,,,,,,,
27279,6900,Transferência,01,,,,,,,,,,,,
27280,2450,Débito,01,,,,,,,,,,,,
27280,8940,Credito,03,,,,,,,,,,,,
27302,1450,Pix,01,,,,,,,,,,,,
27302,4350,Credito,03,,,,,,,,,,,,
27301,4000,Pix,01,,,,,,,,,,,,
27301,7280,Credito,02,,,,,,,,,,,,
27310,3900,Pix,01,,,,,,,,,,,,
27317,13650,Transferência,01,,,,,,,,,,,,
27317,5850,A Receber,01,,,,,,,,,,,,
27315,23000,Credito,04,,,,,,,,,,,,
27318,4000,Transferência,01,,,,,,,,,,,,
27318,3180,Credito,04,,,,,,,,,,,,
27296,9900,Transferência,01,,,,,,,,,,,,
27296,49500,Credito,05,,,,,,,,,,,,
27309,1785,Pix,01,,,,,,,,,,,,
27309,8925,Credito,05,,,,,,,,,,,,
27292,3570,Transferência,01,,,,,,,,,,,,
27313,1800,Transferência,01,,,,,,,,,,,,
27313,1800,Credito,01,,,,,,,,,,,,
27300,2100,Pix,01,,,,,,,,,,,,
27300,3400,A Receber,01,,,,,,,,,,,,
27312,6500,Transferência,01,,,,,,,,,,,,
27622,19000,Transferência,01,,,,,,,,,,,,
27619,2000,Pix,01,,,,,,,,,,,,
27619,3729,Credito,01,,,,,,,,,,,,
27623,5300,Transferência,01,,,,,,,,,,,,
27605,5000,Pix,01,,,,,,,,,,,,
27286,3814,Credito,01,,,,,,,,,,,,
27311,15990,Transferência,01,,,,,,,,,,,,
27618,3000,Pix,01,,,,,,,,,,,,
27618,2700,A Receber,01,,,,,,,,,,,,
27314,4996,Transferência,01,,,,,,,,,,,,
27621,27700,Boleto,01,,,,,,,,,,,,
27305,6470,Transferência,01,,,,,,,,,,,,
27284,4650,Cheque,01,,,,,,,,,,,,
27284,13950,Cheque,03,,,,,,,,,,,,
27595,39000,Cheque,01,,,,,,,,,,,,
27586,5100,Credito,06,,,,,,,,,,,,
27269,450,Pix,01,,,,,,,,,,,,
27549,5300,Pix,01,,,,,,,,,,,,
27549,5300,A Receber,01,,,,,,,,,,,,
27587,5400,Transferência,01,,,,,,,,,,,,
27588,1500,Dinheiro,01,,,,,,,,,,,,
27588,2200,Pix,01,,,,,,,,,,,,
27276,1000,Transferência,01,,,,,,,,,,,,
27276,2100,Credito,02,,,,,,,,,,,,
27278,5000,Débito,01,,,,,,,,,,,,
27278,3474,Credito,03,,,,,,,,,,,,
27614,1700,Transferência,01,,,,,,,,,,,,
27614,1900,Credito,01,,,,,,,,,,,,
27306,4000,Dinheiro,01,,,,,,,,,,,,
27306,6290,Credito,06,,,,,,,,,,,,
27606,4597,Transferência,01,,,,,,,,,,,,
27606,1970,A Receber,01,,,,,,,,,,,,
27596,295,Pix,01,,,,,,,,,,,,
27596,295,Dinheiro,01,,,,,,,,,,,,
27596,5310,Credito,09,,,,,,,,,,,,
27584,13360,Credito,01,,,,,,,,,,,,
27547,3790,A Receber,01,,,,,,,,,,,,
27600,3630,Pix,01,,,,,,,,,,,,
27600,18150,Credito,05,,,,,,,,,,,,
27275,9000,Transferência,01,,,,,,,,,,,,
27275,9000,Credito,01,,,,,,,,,,,,
27601,2000,Transferência,01,,,,,,,,,,,,
27601,4000,Credito,02,,,,,,,,,,,,
27615,21000,Transferência,01,,,,,,,,,,,,
27607,13000,Transferência,01,,,,,,,,,,,,
27620,56500,Transferência,01,,,,,,,,,,,,
27298,11000,Pix,01,,,,,,,,,,,,
27298,40000,Credito,05,,,,,,,,,,,,
27298,15000,Credito,03,,,,,,,,,,,,
27598,2671,Transferência,01,,,,,,,,,,,,
27598,18697,Credito,07,,,,,,,,,,,,